{
  "ExpressionLimit": {"Type": "All"},
  "CollapseSettings": {
    "CollapseType": "ERA",
    "EraPad": 0
  },
  "CensorWindow": {
    "StartDate": null,
    "EndDate": null
  },
  "ConceptSets": [
    {
      "expression": {"items": [
        {
          "isExcluded": false,
          "concept": {
            "INVALID_REASON_CAPTION": "Valid",
            "CONCEPT_ID": 442310,
            "STANDARD_CONCEPT": "S",
            "CONCEPT_CODE": "56675007",
            "VOCABULARY_ID": "SNOMED",
            "CONCEPT_NAME": "Acute heart failure",
            "DOMAIN_ID": "Condition",
            "STANDARD_CONCEPT_CAPTION": "Standard",
            "CONCEPT_CLASS_ID": "Clinical Finding",
            "INVALID_REASON": "V"
          },
          "includeMapped": false,
          "includeDescendants": true
        },
        {
          "isExcluded": false,
          "concept": {
            "INVALID_REASON_CAPTION": "Valid",
            "CONCEPT_ID": 319835,
            "STANDARD_CONCEPT": "S",
            "CONCEPT_CODE": "42343007",
            "VOCABULARY_ID": "SNOMED",
            "CONCEPT_NAME": "Congestive heart failure",
            "DOMAIN_ID": "Condition",
            "STANDARD_CONCEPT_CAPTION": "Standard",
            "CONCEPT_CLASS_ID": "Clinical Finding",
            "INVALID_REASON": "V"
          },
          "includeMapped": false,
          "includeDescendants": true
        },
        {
          "isExcluded": false,
          "concept": {
            "INVALID_REASON_CAPTION": "Valid",
            "CONCEPT_ID": 443587,
            "STANDARD_CONCEPT": "S",
            "CONCEPT_CODE": "418304008",
            "VOCABULARY_ID": "SNOMED",
            "CONCEPT_NAME": "Diastolic heart failure",
            "DOMAIN_ID": "Condition",
            "STANDARD_CONCEPT_CAPTION": "Standard",
            "CONCEPT_CLASS_ID": "Clinical Finding",
            "INVALID_REASON": "V"
          },
          "includeMapped": false,
          "includeDescendants": true
        },
        {
          "isExcluded": false,
          "concept": {
            "INVALID_REASON_CAPTION": "Valid",
            "CONCEPT_ID": 316139,
            "STANDARD_CONCEPT": "S",
            "CONCEPT_CODE": "84114007",
            "VOCABULARY_ID": "SNOMED",
            "CONCEPT_NAME": "Heart failure",
            "DOMAIN_ID": "Condition",
            "STANDARD_CONCEPT_CAPTION": "Standard",
            "CONCEPT_CLASS_ID": "Clinical Finding",
            "INVALID_REASON": "V"
          },
          "includeMapped": false,
          "includeDescendants": true
        },
        {
          "isExcluded": false,
          "concept": {
            "INVALID_REASON_CAPTION": "Valid",
            "CONCEPT_ID": 439696,
            "STANDARD_CONCEPT": "S",
            "CONCEPT_CODE": "194779001",
            "VOCABULARY_ID": "SNOMED",
            "CONCEPT_NAME": "Hypertensive heart and renal disease with (congestive) heart failure",
            "DOMAIN_ID": "Condition",
            "STANDARD_CONCEPT_CAPTION": "Standard",
            "CONCEPT_CLASS_ID": "Clinical Finding",
            "INVALID_REASON": "V"
          },
          "includeMapped": false,
          "includeDescendants": true
        },
        {
          "isExcluded": false,
          "concept": {
            "INVALID_REASON_CAPTION": "Valid",
            "CONCEPT_ID": 439694,
            "STANDARD_CONCEPT": "S",
            "CONCEPT_CODE": "194781004",
            "VOCABULARY_ID": "SNOMED",
            "CONCEPT_NAME": "Hypertensive heart and renal disease with both (congestive) heart failure and renal failure",
            "DOMAIN_ID": "Condition",
            "STANDARD_CONCEPT_CAPTION": "Standard",
            "CONCEPT_CLASS_ID": "Clinical Finding",
            "INVALID_REASON": "V"
          },
          "includeMapped": false,
          "includeDescendants": true
        },
        {
          "isExcluded": false,
          "concept": {
            "INVALID_REASON_CAPTION": "Valid",
            "CONCEPT_ID": 314378,
            "STANDARD_CONCEPT": "S",
            "CONCEPT_CODE": "5148006",
            "VOCABULARY_ID": "SNOMED",
            "CONCEPT_NAME": "Hypertensive heart disease with congestive heart failure",
            "DOMAIN_ID": "Condition",
            "STANDARD_CONCEPT_CAPTION": "Standard",
            "CONCEPT_CLASS_ID": "Clinical Finding",
            "INVALID_REASON": "V"
          },
          "includeMapped": false,
          "includeDescendants": true
        },
        {
          "isExcluded": false,
          "concept": {
            "INVALID_REASON_CAPTION": "Valid",
            "CONCEPT_ID": 319034,
            "STANDARD_CONCEPT": "S",
            "CONCEPT_CODE": "60899001",
            "VOCABULARY_ID": "SNOMED",
            "CONCEPT_NAME": "Hypertensive heart disease without congestive heart failure",
            "DOMAIN_ID": "Condition",
            "STANDARD_CONCEPT_CAPTION": "Standard",
            "CONCEPT_CLASS_ID": "Clinical Finding",
            "INVALID_REASON": "V"
          },
          "includeMapped": false,
          "includeDescendants": true
        },
        {
          "isExcluded": false,
          "concept": {
            "INVALID_REASON_CAPTION": "Valid",
            "CONCEPT_ID": 444101,
            "STANDARD_CONCEPT": "S",
            "CONCEPT_CODE": "46113002",
            "VOCABULARY_ID": "SNOMED",
            "CONCEPT_NAME": "Hypertensive heart failure",
            "DOMAIN_ID": "Condition",
            "STANDARD_CONCEPT_CAPTION": "Standard",
            "CONCEPT_CLASS_ID": "Clinical Finding",
            "INVALID_REASON": "V"
          },
          "includeMapped": false,
          "includeDescendants": true
        },
        {
          "isExcluded": false,
          "concept": {
            "INVALID_REASON_CAPTION": "Valid",
            "CONCEPT_ID": 439846,
            "STANDARD_CONCEPT": "S",
            "CONCEPT_CODE": "85232009",
            "VOCABULARY_ID": "SNOMED",
            "CONCEPT_NAME": "Left heart failure",
            "DOMAIN_ID": "Condition",
            "STANDARD_CONCEPT_CAPTION": "Standard",
            "CONCEPT_CLASS_ID": "Clinical Finding",
            "INVALID_REASON": "V"
          },
          "includeMapped": false,
          "includeDescendants": true
        },
        {
          "isExcluded": false,
          "concept": {
            "INVALID_REASON_CAPTION": "Valid",
            "CONCEPT_ID": 443580,
            "STANDARD_CONCEPT": "S",
            "CONCEPT_CODE": "417996009",
            "VOCABULARY_ID": "SNOMED",
            "CONCEPT_NAME": "Systolic heart failure",
            "DOMAIN_ID": "Condition",
            "STANDARD_CONCEPT_CAPTION": "Standard",
            "CONCEPT_CLASS_ID": "Clinical Finding",
            "INVALID_REASON": "V"
          },
          "includeMapped": false,
          "includeDescendants": true
        }
      ]},
      "name": "[MKSon]HF",
      "id": 1
    },
    {
      "expression": {"items": [{
        "isExcluded": false,
        "concept": {
          "INVALID_REASON_CAPTION": "Valid",
          "CONCEPT_ID": 1307046,
          "STANDARD_CONCEPT": "S",
          "CONCEPT_CODE": "6918",
          "VOCABULARY_ID": "RxNorm",
          "CONCEPT_NAME": "metoprolol",
          "DOMAIN_ID": "Drug",
          "STANDARD_CONCEPT_CAPTION": "Standard",
          "CONCEPT_CLASS_ID": "Ingredient",
          "INVALID_REASON": "V"
        },
        "includeMapped": false,
        "includeDescendants": true
      }]},
      "name": "[MKSon]Meto",
      "id": 2
    },
    {
      "expression": {"items": [
        {
          "isExcluded": false,
          "concept": {
            "INVALID_REASON_CAPTION": "Valid",
            "CONCEPT_ID": 44784623,
            "STANDARD_CONCEPT": "S",
            "CONCEPT_CODE": "78741000119103",
            "VOCABULARY_ID": "SNOMED",
            "CONCEPT_NAME": "Acute coronary artery occlusion not resulting in myocardial infarction",
            "DOMAIN_ID": "Condition",
            "STANDARD_CONCEPT_CAPTION": "Standard",
            "CONCEPT_CLASS_ID": "Clinical Finding",
            "INVALID_REASON": "V"
          },
          "includeMapped": false,
          "includeDescendants": true
        },
        {
          "isExcluded": false,
          "concept": {
            "INVALID_REASON_CAPTION": "Valid",
            "CONCEPT_ID": 4108670,
            "STANDARD_CONCEPT": "S",
            "CONCEPT_CODE": "194823009",
            "VOCABULARY_ID": "SNOMED",
            "CONCEPT_NAME": "Acute coronary insufficiency",
            "DOMAIN_ID": "Condition",
            "STANDARD_CONCEPT_CAPTION": "Standard",
            "CONCEPT_CLASS_ID": "Clinical Finding",
            "INVALID_REASON": "V"
          },
          "includeMapped": false,
          "includeDescendants": true
        },
        {
          "isExcluded": false,
          "concept": {
            "INVALID_REASON_CAPTION": "Valid",
            "CONCEPT_ID": 4215140,
            "STANDARD_CONCEPT": "S",
            "CONCEPT_CODE": "394659003",
            "VOCABULARY_ID": "SNOMED",
            "CONCEPT_NAME": "Acute coronary syndrome",
            "DOMAIN_ID": "Condition",
            "STANDARD_CONCEPT_CAPTION": "Standard",
            "CONCEPT_CLASS_ID": "Clinical Finding",
            "INVALID_REASON": "V"
          },
          "includeMapped": false,
          "includeDescendants": true
        },
        {
          "isExcluded": false,
          "concept": {
            "INVALID_REASON_CAPTION": "Valid",
            "CONCEPT_ID": 312327,
            "STANDARD_CONCEPT": "S",
            "CONCEPT_CODE": "57054005",
            "VOCABULARY_ID": "SNOMED",
            "CONCEPT_NAME": "Acute myocardial infarction",
            "DOMAIN_ID": "Condition",
            "STANDARD_CONCEPT_CAPTION": "Standard",
            "CONCEPT_CLASS_ID": "Clinical Finding",
            "INVALID_REASON": "V"
          },
          "includeMapped": false,
          "includeDescendants": true
        },
        {
          "isExcluded": false,
          "concept": {
            "INVALID_REASON_CAPTION": "Valid",
            "CONCEPT_ID": 434376,
            "STANDARD_CONCEPT": "S",
            "CONCEPT_CODE": "54329005",
            "VOCABULARY_ID": "SNOMED",
            "CONCEPT_NAME": "Acute myocardial infarction of anterior wall",
            "DOMAIN_ID": "Condition",
            "STANDARD_CONCEPT_CAPTION": "Standard",
            "CONCEPT_CLASS_ID": "Clinical Finding",
            "INVALID_REASON": "V"
          },
          "includeMapped": false,
          "includeDescendants": true
        },
        {
          "isExcluded": false,
          "concept": {
            "INVALID_REASON_CAPTION": "Valid",
            "CONCEPT_ID": 438170,
            "STANDARD_CONCEPT": "S",
            "CONCEPT_CODE": "73795002",
            "VOCABULARY_ID": "SNOMED",
            "CONCEPT_NAME": "Acute myocardial infarction of inferior wall",
            "DOMAIN_ID": "Condition",
            "STANDARD_CONCEPT_CAPTION": "Standard",
            "CONCEPT_CLASS_ID": "Clinical Finding",
            "INVALID_REASON": "V"
          },
          "includeMapped": false,
          "includeDescendants": true
        },
        {
          "isExcluded": false,
          "concept": {
            "INVALID_REASON_CAPTION": "Valid",
            "CONCEPT_ID": 4270024,
            "STANDARD_CONCEPT": "S",
            "CONCEPT_CODE": "401314000",
            "VOCABULARY_ID": "SNOMED",
            "CONCEPT_NAME": "Acute non-ST segment elevation myocardial infarction",
            "DOMAIN_ID": "Condition",
            "STANDARD_CONCEPT_CAPTION": "Standard",
            "CONCEPT_CLASS_ID": "Clinical Finding",
            "INVALID_REASON": "V"
          },
          "includeMapped": false,
          "includeDescendants": true
        },
        {
          "isExcluded": false,
          "concept": {
            "INVALID_REASON_CAPTION": "Valid",
            "CONCEPT_ID": 438172,
            "STANDARD_CONCEPT": "S",
            "CONCEPT_CODE": "194863005",
            "VOCABULARY_ID": "SNOMED",
            "CONCEPT_NAME": "Atrial septal defect due to and following acute myocardial infarction",
            "DOMAIN_ID": "Condition",
            "STANDARD_CONCEPT_CAPTION": "Standard",
            "CONCEPT_CLASS_ID": "Clinical Finding",
            "INVALID_REASON": "V"
          },
          "includeMapped": false,
          "includeDescendants": true
        },
        {
          "isExcluded": false,
          "concept": {
            "INVALID_REASON_CAPTION": "Valid",
            "CONCEPT_ID": 4124687,
            "STANDARD_CONCEPT": "S",
            "CONCEPT_CODE": "233847009",
            "VOCABULARY_ID": "SNOMED",
            "CONCEPT_NAME": "Cardiac rupture due to and following acute myocardial infarction",
            "DOMAIN_ID": "Condition",
            "STANDARD_CONCEPT_CAPTION": "Standard",
            "CONCEPT_CLASS_ID": "Clinical Finding",
            "INVALID_REASON": "V"
          },
          "includeMapped": false,
          "includeDescendants": true
        },
        {
          "isExcluded": false,
          "concept": {
            "INVALID_REASON_CAPTION": "Valid",
            "CONCEPT_ID": 4108215,
            "STANDARD_CONCEPT": "S",
            "CONCEPT_CODE": "194821006",
            "VOCABULARY_ID": "SNOMED",
            "CONCEPT_NAME": "Coronary thrombosis not resulting in myocardial infarction",
            "DOMAIN_ID": "Condition",
            "STANDARD_CONCEPT_CAPTION": "Standard",
            "CONCEPT_CLASS_ID": "Clinical Finding",
            "INVALID_REASON": "V"
          },
          "includeMapped": false,
          "includeDescendants": true
        },
        {
          "isExcluded": false,
          "concept": {
            "INVALID_REASON_CAPTION": "Valid",
            "CONCEPT_ID": 4108678,
            "STANDARD_CONCEPT": "S",
            "CONCEPT_CODE": "194862000",
            "VOCABULARY_ID": "SNOMED",
            "CONCEPT_NAME": "Hemopericardium due to and following acute myocardial infarction",
            "DOMAIN_ID": "Condition",
            "STANDARD_CONCEPT_CAPTION": "Standard",
            "CONCEPT_CLASS_ID": "Clinical Finding",
            "INVALID_REASON": "V"
          },
          "includeMapped": false,
          "includeDescendants": true
        },
        {
          "isExcluded": false,
          "concept": {
            "INVALID_REASON_CAPTION": "Valid",
            "CONCEPT_ID": 4329847,
            "STANDARD_CONCEPT": "S",
            "CONCEPT_CODE": "22298006",
            "VOCABULARY_ID": "SNOMED",
            "CONCEPT_NAME": "Myocardial infarction",
            "DOMAIN_ID": "Condition",
            "STANDARD_CONCEPT_CAPTION": "Standard",
            "CONCEPT_CLASS_ID": "Clinical Finding",
            "INVALID_REASON": "V"
          },
          "includeMapped": false,
          "includeDescendants": true
        },
        {
          "isExcluded": true,
          "concept": {
            "INVALID_REASON_CAPTION": "Valid",
            "CONCEPT_ID": 314666,
            "STANDARD_CONCEPT": "S",
            "CONCEPT_CODE": "1755008",
            "VOCABULARY_ID": "SNOMED",
            "CONCEPT_NAME": "Old myocardial infarction",
            "DOMAIN_ID": "Condition",
            "STANDARD_CONCEPT_CAPTION": "Standard",
            "CONCEPT_CLASS_ID": "Clinical Finding",
            "INVALID_REASON": "V"
          },
          "includeMapped": false,
          "includeDescendants": true
        },
        {
          "isExcluded": false,
          "concept": {
            "INVALID_REASON_CAPTION": "Valid",
            "CONCEPT_ID": 319038,
            "STANDARD_CONCEPT": "S",
            "CONCEPT_CODE": "66189004",
            "VOCABULARY_ID": "SNOMED",
            "CONCEPT_NAME": "Postmyocardial infarction syndrome",
            "DOMAIN_ID": "Condition",
            "STANDARD_CONCEPT_CAPTION": "Standard",
            "CONCEPT_CLASS_ID": "Clinical Finding",
            "INVALID_REASON": "V"
          },
          "includeMapped": false,
          "includeDescendants": true
        },
        {
          "isExcluded": false,
          "concept": {
            "INVALID_REASON_CAPTION": "Valid",
            "CONCEPT_ID": 4108679,
            "STANDARD_CONCEPT": "S",
            "CONCEPT_CODE": "194865003",
            "VOCABULARY_ID": "SNOMED",
            "CONCEPT_NAME": "Rupture of cardiac wall without hemopericardium as current complication following acute myocardial infarction",
            "DOMAIN_ID": "Condition",
            "STANDARD_CONCEPT_CAPTION": "Standard",
            "CONCEPT_CLASS_ID": "Clinical Finding",
            "INVALID_REASON": "V"
          },
          "includeMapped": false,
          "includeDescendants": true
        },
        {
          "isExcluded": false,
          "concept": {
            "INVALID_REASON_CAPTION": "Valid",
            "CONCEPT_ID": 4108219,
            "STANDARD_CONCEPT": "S",
            "CONCEPT_CODE": "194866002",
            "VOCABULARY_ID": "SNOMED",
            "CONCEPT_NAME": "Rupture of chordae tendinae due to and following acute myocardial infarction",
            "DOMAIN_ID": "Condition",
            "STANDARD_CONCEPT_CAPTION": "Standard",
            "CONCEPT_CLASS_ID": "Clinical Finding",
            "INVALID_REASON": "V"
          },
          "includeMapped": false,
          "includeDescendants": true
        },
        {
          "isExcluded": false,
          "concept": {
            "INVALID_REASON_CAPTION": "Valid",
            "CONCEPT_ID": 4108217,
            "STANDARD_CONCEPT": "S",
            "CONCEPT_CODE": "194856005",
            "VOCABULARY_ID": "SNOMED",
            "CONCEPT_NAME": "Subsequent myocardial infarction",
            "DOMAIN_ID": "Condition",
            "STANDARD_CONCEPT_CAPTION": "Standard",
            "CONCEPT_CLASS_ID": "Clinical Finding",
            "INVALID_REASON": "V"
          },
          "includeMapped": false,
          "includeDescendants": true
        },
        {
          "isExcluded": false,
          "concept": {
            "INVALID_REASON_CAPTION": "Valid",
            "CONCEPT_ID": 4108677,
            "STANDARD_CONCEPT": "S",
            "CONCEPT_CODE": "194857001",
            "VOCABULARY_ID": "SNOMED",
            "CONCEPT_NAME": "Subsequent myocardial infarction of anterior wall",
            "DOMAIN_ID": "Condition",
            "STANDARD_CONCEPT_CAPTION": "Standard",
            "CONCEPT_CLASS_ID": "Clinical Finding",
            "INVALID_REASON": "V"
          },
          "includeMapped": false,
          "includeDescendants": true
        },
        {
          "isExcluded": false,
          "concept": {
            "INVALID_REASON_CAPTION": "Valid",
            "CONCEPT_ID": 4108218,
            "STANDARD_CONCEPT": "S",
            "CONCEPT_CODE": "194858006",
            "VOCABULARY_ID": "SNOMED",
            "CONCEPT_NAME": "Subsequent myocardial infarction of inferior wall",
            "DOMAIN_ID": "Condition",
            "STANDARD_CONCEPT_CAPTION": "Standard",
            "CONCEPT_CLASS_ID": "Clinical Finding",
            "INVALID_REASON": "V"
          },
          "includeMapped": false,
          "includeDescendants": true
        },
        {
          "isExcluded": false,
          "concept": {
            "INVALID_REASON_CAPTION": "Valid",
            "CONCEPT_ID": 4108680,
            "STANDARD_CONCEPT": "S",
            "CONCEPT_CODE": "194868001",
            "VOCABULARY_ID": "SNOMED",
            "CONCEPT_NAME": "Thrombosis of atrium, auricular appendage, and ventricle due to and following acute myocardial infarction",
            "DOMAIN_ID": "Condition",
            "STANDARD_CONCEPT_CAPTION": "Standard",
            "CONCEPT_CLASS_ID": "Clinical Finding",
            "INVALID_REASON": "V"
          },
          "includeMapped": false,
          "includeDescendants": true
        }
      ]},
      "name": "[MKSon]CVD",
      "id": 3
    },
    {
      "expression": {"items": [{
        "isExcluded": false,
        "concept": {
          "INVALID_REASON_CAPTION": "Valid",
          "CONCEPT_ID": 1338005,
          "STANDARD_CONCEPT": "S",
          "CONCEPT_CODE": "19484",
          "VOCABULARY_ID": "RxNorm",
          "CONCEPT_NAME": "bisoprolol",
          "DOMAIN_ID": "Drug",
          "STANDARD_CONCEPT_CAPTION": "Standard",
          "CONCEPT_CLASS_ID": "Ingredient",
          "INVALID_REASON": "V"
        },
        "includeMapped": false,
        "includeDescendants": true
      }]},
      "name": "[MKSon]Biso",
      "id": 4
    },
    {
      "expression": {"items": [{
        "isExcluded": false,
        "concept": {
          "INVALID_REASON_CAPTION": "Valid",
          "CONCEPT_ID": 1346823,
          "STANDARD_CONCEPT": "S",
          "CONCEPT_CODE": "20352",
          "VOCABULARY_ID": "RxNorm",
          "CONCEPT_NAME": "carvedilol",
          "DOMAIN_ID": "Drug",
          "STANDARD_CONCEPT_CAPTION": "Standard",
          "CONCEPT_CLASS_ID": "Ingredient",
          "INVALID_REASON": "V"
        },
        "includeMapped": false,
        "includeDescendants": true
      }]},
      "name": "[MKSon]Carbe",
      "id": 5
    },
    {
      "expression": {"items": [
        {
          "isExcluded": false,
          "concept": {
            "INVALID_REASON_CAPTION": "Valid",
            "CONCEPT_ID": 44784623,
            "STANDARD_CONCEPT": "S",
            "CONCEPT_CODE": "78741000119103",
            "VOCABULARY_ID": "SNOMED",
            "CONCEPT_NAME": "Acute coronary artery occlusion not resulting in myocardial infarction",
            "DOMAIN_ID": "Condition",
            "STANDARD_CONCEPT_CAPTION": "Standard",
            "CONCEPT_CLASS_ID": "Clinical Finding",
            "INVALID_REASON": "V"
          },
          "includeMapped": false,
          "includeDescendants": true
        },
        {
          "isExcluded": false,
          "concept": {
            "INVALID_REASON_CAPTION": "Valid",
            "CONCEPT_ID": 4108670,
            "STANDARD_CONCEPT": "S",
            "CONCEPT_CODE": "194823009",
            "VOCABULARY_ID": "SNOMED",
            "CONCEPT_NAME": "Acute coronary insufficiency",
            "DOMAIN_ID": "Condition",
            "STANDARD_CONCEPT_CAPTION": "Standard",
            "CONCEPT_CLASS_ID": "Clinical Finding",
            "INVALID_REASON": "V"
          },
          "includeMapped": false,
          "includeDescendants": true
        },
        {
          "isExcluded": false,
          "concept": {
            "INVALID_REASON_CAPTION": "Valid",
            "CONCEPT_ID": 4215140,
            "STANDARD_CONCEPT": "S",
            "CONCEPT_CODE": "394659003",
            "VOCABULARY_ID": "SNOMED",
            "CONCEPT_NAME": "Acute coronary syndrome",
            "DOMAIN_ID": "Condition",
            "STANDARD_CONCEPT_CAPTION": "Standard",
            "CONCEPT_CLASS_ID": "Clinical Finding",
            "INVALID_REASON": "V"
          },
          "includeMapped": false,
          "includeDescendants": true
        },
        {
          "isExcluded": false,
          "concept": {
            "INVALID_REASON_CAPTION": "Valid",
            "CONCEPT_ID": 312327,
            "STANDARD_CONCEPT": "S",
            "CONCEPT_CODE": "57054005",
            "VOCABULARY_ID": "SNOMED",
            "CONCEPT_NAME": "Acute myocardial infarction",
            "DOMAIN_ID": "Condition",
            "STANDARD_CONCEPT_CAPTION": "Standard",
            "CONCEPT_CLASS_ID": "Clinical Finding",
            "INVALID_REASON": "V"
          },
          "includeMapped": false,
          "includeDescendants": true
        },
        {
          "isExcluded": false,
          "concept": {
            "INVALID_REASON_CAPTION": "Valid",
            "CONCEPT_ID": 434376,
            "STANDARD_CONCEPT": "S",
            "CONCEPT_CODE": "54329005",
            "VOCABULARY_ID": "SNOMED",
            "CONCEPT_NAME": "Acute myocardial infarction of anterior wall",
            "DOMAIN_ID": "Condition",
            "STANDARD_CONCEPT_CAPTION": "Standard",
            "CONCEPT_CLASS_ID": "Clinical Finding",
            "INVALID_REASON": "V"
          },
          "includeMapped": false,
          "includeDescendants": true
        },
        {
          "isExcluded": false,
          "concept": {
            "INVALID_REASON_CAPTION": "Valid",
            "CONCEPT_ID": 438170,
            "STANDARD_CONCEPT": "S",
            "CONCEPT_CODE": "73795002",
            "VOCABULARY_ID": "SNOMED",
            "CONCEPT_NAME": "Acute myocardial infarction of inferior wall",
            "DOMAIN_ID": "Condition",
            "STANDARD_CONCEPT_CAPTION": "Standard",
            "CONCEPT_CLASS_ID": "Clinical Finding",
            "INVALID_REASON": "V"
          },
          "includeMapped": false,
          "includeDescendants": true
        },
        {
          "isExcluded": false,
          "concept": {
            "INVALID_REASON_CAPTION": "Valid",
            "CONCEPT_ID": 4270024,
            "STANDARD_CONCEPT": "S",
            "CONCEPT_CODE": "401314000",
            "VOCABULARY_ID": "SNOMED",
            "CONCEPT_NAME": "Acute non-ST segment elevation myocardial infarction",
            "DOMAIN_ID": "Condition",
            "STANDARD_CONCEPT_CAPTION": "Standard",
            "CONCEPT_CLASS_ID": "Clinical Finding",
            "INVALID_REASON": "V"
          },
          "includeMapped": false,
          "includeDescendants": true
        },
        {
          "isExcluded": false,
          "concept": {
            "INVALID_REASON_CAPTION": "Valid",
            "CONCEPT_ID": 438172,
            "STANDARD_CONCEPT": "S",
            "CONCEPT_CODE": "194863005",
            "VOCABULARY_ID": "SNOMED",
            "CONCEPT_NAME": "Atrial septal defect due to and following acute myocardial infarction",
            "DOMAIN_ID": "Condition",
            "STANDARD_CONCEPT_CAPTION": "Standard",
            "CONCEPT_CLASS_ID": "Clinical Finding",
            "INVALID_REASON": "V"
          },
          "includeMapped": false,
          "includeDescendants": true
        },
        {
          "isExcluded": false,
          "concept": {
            "INVALID_REASON_CAPTION": "Valid",
            "CONCEPT_ID": 4124687,
            "STANDARD_CONCEPT": "S",
            "CONCEPT_CODE": "233847009",
            "VOCABULARY_ID": "SNOMED",
            "CONCEPT_NAME": "Cardiac rupture due to and following acute myocardial infarction",
            "DOMAIN_ID": "Condition",
            "STANDARD_CONCEPT_CAPTION": "Standard",
            "CONCEPT_CLASS_ID": "Clinical Finding",
            "INVALID_REASON": "V"
          },
          "includeMapped": false,
          "includeDescendants": true
        },
        {
          "isExcluded": false,
          "concept": {
            "INVALID_REASON_CAPTION": "Valid",
            "CONCEPT_ID": 4108215,
            "STANDARD_CONCEPT": "S",
            "CONCEPT_CODE": "194821006",
            "VOCABULARY_ID": "SNOMED",
            "CONCEPT_NAME": "Coronary thrombosis not resulting in myocardial infarction",
            "DOMAIN_ID": "Condition",
            "STANDARD_CONCEPT_CAPTION": "Standard",
            "CONCEPT_CLASS_ID": "Clinical Finding",
            "INVALID_REASON": "V"
          },
          "includeMapped": false,
          "includeDescendants": true
        },
        {
          "isExcluded": false,
          "concept": {
            "INVALID_REASON_CAPTION": "Valid",
            "CONCEPT_ID": 4108678,
            "STANDARD_CONCEPT": "S",
            "CONCEPT_CODE": "194862000",
            "VOCABULARY_ID": "SNOMED",
            "CONCEPT_NAME": "Hemopericardium due to and following acute myocardial infarction",
            "DOMAIN_ID": "Condition",
            "STANDARD_CONCEPT_CAPTION": "Standard",
            "CONCEPT_CLASS_ID": "Clinical Finding",
            "INVALID_REASON": "V"
          },
          "includeMapped": false,
          "includeDescendants": true
        },
        {
          "isExcluded": false,
          "concept": {
            "INVALID_REASON_CAPTION": "Valid",
            "CONCEPT_ID": 4329847,
            "STANDARD_CONCEPT": "S",
            "CONCEPT_CODE": "22298006",
            "VOCABULARY_ID": "SNOMED",
            "CONCEPT_NAME": "Myocardial infarction",
            "DOMAIN_ID": "Condition",
            "STANDARD_CONCEPT_CAPTION": "Standard",
            "CONCEPT_CLASS_ID": "Clinical Finding",
            "INVALID_REASON": "V"
          },
          "includeMapped": false,
          "includeDescendants": true
        },
        {
          "isExcluded": true,
          "concept": {
            "INVALID_REASON_CAPTION": "Valid",
            "CONCEPT_ID": 314666,
            "STANDARD_CONCEPT": "S",
            "CONCEPT_CODE": "1755008",
            "VOCABULARY_ID": "SNOMED",
            "CONCEPT_NAME": "Old myocardial infarction",
            "DOMAIN_ID": "Condition",
            "STANDARD_CONCEPT_CAPTION": "Standard",
            "CONCEPT_CLASS_ID": "Clinical Finding",
            "INVALID_REASON": "V"
          },
          "includeMapped": false,
          "includeDescendants": true
        },
        {
          "isExcluded": false,
          "concept": {
            "INVALID_REASON_CAPTION": "Valid",
            "CONCEPT_ID": 319038,
            "STANDARD_CONCEPT": "S",
            "CONCEPT_CODE": "66189004",
            "VOCABULARY_ID": "SNOMED",
            "CONCEPT_NAME": "Postmyocardial infarction syndrome",
            "DOMAIN_ID": "Condition",
            "STANDARD_CONCEPT_CAPTION": "Standard",
            "CONCEPT_CLASS_ID": "Clinical Finding",
            "INVALID_REASON": "V"
          },
          "includeMapped": false,
          "includeDescendants": true
        },
        {
          "isExcluded": false,
          "concept": {
            "INVALID_REASON_CAPTION": "Valid",
            "CONCEPT_ID": 4108679,
            "STANDARD_CONCEPT": "S",
            "CONCEPT_CODE": "194865003",
            "VOCABULARY_ID": "SNOMED",
            "CONCEPT_NAME": "Rupture of cardiac wall without hemopericardium as current complication following acute myocardial infarction",
            "DOMAIN_ID": "Condition",
            "STANDARD_CONCEPT_CAPTION": "Standard",
            "CONCEPT_CLASS_ID": "Clinical Finding",
            "INVALID_REASON": "V"
          },
          "includeMapped": false,
          "includeDescendants": true
        },
        {
          "isExcluded": false,
          "concept": {
            "INVALID_REASON_CAPTION": "Valid",
            "CONCEPT_ID": 4108219,
            "STANDARD_CONCEPT": "S",
            "CONCEPT_CODE": "194866002",
            "VOCABULARY_ID": "SNOMED",
            "CONCEPT_NAME": "Rupture of chordae tendinae due to and following acute myocardial infarction",
            "DOMAIN_ID": "Condition",
            "STANDARD_CONCEPT_CAPTION": "Standard",
            "CONCEPT_CLASS_ID": "Clinical Finding",
            "INVALID_REASON": "V"
          },
          "includeMapped": false,
          "includeDescendants": true
        },
        {
          "isExcluded": false,
          "concept": {
            "INVALID_REASON_CAPTION": "Valid",
            "CONCEPT_ID": 4108217,
            "STANDARD_CONCEPT": "S",
            "CONCEPT_CODE": "194856005",
            "VOCABULARY_ID": "SNOMED",
            "CONCEPT_NAME": "Subsequent myocardial infarction",
            "DOMAIN_ID": "Condition",
            "STANDARD_CONCEPT_CAPTION": "Standard",
            "CONCEPT_CLASS_ID": "Clinical Finding",
            "INVALID_REASON": "V"
          },
          "includeMapped": false,
          "includeDescendants": true
        },
        {
          "isExcluded": false,
          "concept": {
            "INVALID_REASON_CAPTION": "Valid",
            "CONCEPT_ID": 4108677,
            "STANDARD_CONCEPT": "S",
            "CONCEPT_CODE": "194857001",
            "VOCABULARY_ID": "SNOMED",
            "CONCEPT_NAME": "Subsequent myocardial infarction of anterior wall",
            "DOMAIN_ID": "Condition",
            "STANDARD_CONCEPT_CAPTION": "Standard",
            "CONCEPT_CLASS_ID": "Clinical Finding",
            "INVALID_REASON": "V"
          },
          "includeMapped": false,
          "includeDescendants": true
        },
        {
          "isExcluded": false,
          "concept": {
            "INVALID_REASON_CAPTION": "Valid",
            "CONCEPT_ID": 4108218,
            "STANDARD_CONCEPT": "S",
            "CONCEPT_CODE": "194858006",
            "VOCABULARY_ID": "SNOMED",
            "CONCEPT_NAME": "Subsequent myocardial infarction of inferior wall",
            "DOMAIN_ID": "Condition",
            "STANDARD_CONCEPT_CAPTION": "Standard",
            "CONCEPT_CLASS_ID": "Clinical Finding",
            "INVALID_REASON": "V"
          },
          "includeMapped": false,
          "includeDescendants": true
        },
        {
          "isExcluded": false,
          "concept": {
            "INVALID_REASON_CAPTION": "Valid",
            "CONCEPT_ID": 4108680,
            "STANDARD_CONCEPT": "S",
            "CONCEPT_CODE": "194868001",
            "VOCABULARY_ID": "SNOMED",
            "CONCEPT_NAME": "Thrombosis of atrium, auricular appendage, and ventricle due to and following acute myocardial infarction",
            "DOMAIN_ID": "Condition",
            "STANDARD_CONCEPT_CAPTION": "Standard",
            "CONCEPT_CLASS_ID": "Clinical Finding",
            "INVALID_REASON": "V"
          },
          "includeMapped": false,
          "includeDescendants": true
        }
      ]},
      "name": "[MKSon]MI",
      "id": 6
    }
  ],
  "EndStrategy": {"CustomEra": {
    "DrugCodesetId": 5,
    "GapDays": 30,
    "Offset": 0
  }},
  "cdmVersionRange": ">=5.0.0",
  "CensoringCriteria": [
    {"DrugExposure": {
      "OccurrenceEndDate": null,
      "CorrelatedCriteria": null,
      "DrugSourceConcept": null,
      "CodesetId": 2,
      "DrugTypeExclude": false,
      "Quantity": null,
      "DrugType": null,
      "ProviderSpecialty": null,
      "EffectiveDrugDose": null,
      "Gender": null,
      "DaysSupply": null,
      "DoseUnit": null,
      "VisitType": null,
      "Refills": null,
      "First": null,
      "OccurrenceStartDate": null,
      "RouteConcept": null,
      "StopReason": null,
      "LotNumber": null,
      "Age": null
    }},
    {"DrugExposure": {
      "OccurrenceEndDate": null,
      "CorrelatedCriteria": null,
      "DrugSourceConcept": null,
      "CodesetId": 4,
      "DrugTypeExclude": false,
      "Quantity": null,
      "DrugType": null,
      "ProviderSpecialty": null,
      "EffectiveDrugDose": null,
      "Gender": null,
      "DaysSupply": null,
      "DoseUnit": null,
      "VisitType": null,
      "Refills": null,
      "First": null,
      "OccurrenceStartDate": null,
      "RouteConcept": null,
      "StopReason": null,
      "LotNumber": null,
      "Age": null
    }}
  ],
  "Title": null,
  "AdditionalCriteria": {
    "CriteriaList": [{
      "RestrictVisit": false,
      "StartWindow": {
        "UseEventEnd": false,
        "Start": {
          "Days": 14,
          "Coeff": -1
        },
        "End": {
          "Days": 14,
          "Coeff": 1
        },
        "UseIndexEnd": false
      },
      "IgnoreObservationPeriod": false,
      "EndWindow": null,
      "Criteria": {"ConditionOccurrence": {
        "OccurrenceEndDate": null,
        "CorrelatedCriteria": null,
        "ConditionTypeExclude": false,
        "CodesetId": 1,
        "ProviderSpecialty": null,
        "Gender": null,
        "VisitType": null,
        "First": null,
        "OccurrenceStartDate": null,
        "ConditionType": null,
        "ConditionSourceConcept": null,
        "StopReason": null,
        "Age": null
      }},
      "Occurrence": {
        "Type": 2,
        "IsDistinct": false,
        "Count": 1
      }
    }],
    "Type": "ALL",
    "DemographicCriteriaList": [],
    "Groups": [],
    "Count": null
  },
  "QualifiedLimit": {"Type": "First"},
  "InclusionRules": [
    {
      "expression": {
        "CriteriaList": [
          {
            "RestrictVisit": false,
            "StartWindow": {
              "UseEventEnd": false,
              "Start": {
                "Days": null,
                "Coeff": -1
              },
              "End": {
                "Days": 1,
                "Coeff": 1
              },
              "UseIndexEnd": false
            },
            "IgnoreObservationPeriod": false,
            "EndWindow": null,
            "Criteria": {"DrugExposure": {
              "OccurrenceEndDate": null,
              "CorrelatedCriteria": null,
              "DrugSourceConcept": null,
              "CodesetId": 2,
              "DrugTypeExclude": false,
              "Quantity": null,
              "DrugType": null,
              "ProviderSpecialty": null,
              "EffectiveDrugDose": null,
              "Gender": null,
              "DaysSupply": null,
              "DoseUnit": null,
              "VisitType": null,
              "Refills": null,
              "First": null,
              "OccurrenceStartDate": null,
              "RouteConcept": null,
              "StopReason": null,
              "LotNumber": null,
              "Age": null
            }},
            "Occurrence": {
              "Type": 0,
              "IsDistinct": false,
              "Count": 0
            }
          },
          {
            "RestrictVisit": false,
            "StartWindow": {
              "UseEventEnd": false,
              "Start": {
                "Days": null,
                "Coeff": -1
              },
              "End": {
                "Days": 1,
                "Coeff": 1
              },
              "UseIndexEnd": false
            },
            "IgnoreObservationPeriod": false,
            "EndWindow": null,
            "Criteria": {"DrugExposure": {
              "OccurrenceEndDate": null,
              "CorrelatedCriteria": null,
              "DrugSourceConcept": null,
              "CodesetId": 4,
              "DrugTypeExclude": false,
              "Quantity": null,
              "DrugType": null,
              "ProviderSpecialty": null,
              "EffectiveDrugDose": null,
              "Gender": null,
              "DaysSupply": null,
              "DoseUnit": null,
              "VisitType": null,
              "Refills": null,
              "First": null,
              "OccurrenceStartDate": null,
              "RouteConcept": null,
              "StopReason": null,
              "LotNumber": null,
              "Age": null
            }},
            "Occurrence": {
              "Type": 0,
              "IsDistinct": false,
              "Count": 0
            }
          }
        ],
        "Type": "ALL",
        "DemographicCriteriaList": [],
        "Groups": [],
        "Count": null
      },
      "name": "without previous use of BB",
      "description": null
    },
    {
      "expression": {
        "CriteriaList": [{
          "RestrictVisit": false,
          "StartWindow": {
            "UseEventEnd": false,
            "Start": {
              "Days": null,
              "Coeff": -1
            },
            "End": {
              "Days": 1,
              "Coeff": -1
            },
            "UseIndexEnd": false
          },
          "IgnoreObservationPeriod": false,
          "EndWindow": null,
          "Criteria": {"ConditionOccurrence": {
            "OccurrenceEndDate": null,
            "CorrelatedCriteria": null,
            "ConditionTypeExclude": false,
            "CodesetId": 6,
            "ProviderSpecialty": null,
            "Gender": null,
            "VisitType": null,
            "First": null,
            "OccurrenceStartDate": null,
            "ConditionType": null,
            "ConditionSourceConcept": null,
            "StopReason": null,
            "Age": null
          }},
          "Occurrence": {
            "Type": 0,
            "IsDistinct": false,
            "Count": 0
          }
        }],
        "Type": "ALL",
        "DemographicCriteriaList": [],
        "Groups": [],
        "Count": null
      },
      "name": "without previous MI",
      "description": null
    }
  ],
  "PrimaryCriteria": {
    "CriteriaList": [{"DrugEra": {
      "EraStartDate": null,
      "CorrelatedCriteria": null,
      "OccurrenceCount": null,
      "AgeAtStart": {
        "Op": "gte",
        "Extent": null,
        "Value": 20
      },
      "GapDays": null,
      "CodesetId": 5,
      "AgeAtEnd": null,
      "First": true,
      "Gender": null,
      "EraLength": null,
      "EraEndDate": null
    }}],
    "PrimaryCriteriaLimit": {"Type": "All"},
    "ObservationWindow": {
      "PostDays": 0,
      "PriorDays": 365
    }
  }
}