{
  "ExpressionLimit": {"Type": "All"},
  "CollapseSettings": {
    "CollapseType": "ERA",
    "EraPad": 0
  },
  "CensorWindow": {
    "StartDate": null,
    "EndDate": null
  },
  "ConceptSets": [
    {
      "expression": {"items": [
        {
          "isExcluded": false,
          "concept": {
            "INVALID_REASON_CAPTION": "Valid",
            "CONCEPT_ID": 44784623,
            "STANDARD_CONCEPT": "S",
            "CONCEPT_CODE": "78741000119103",
            "VOCABULARY_ID": "SNOMED",
            "CONCEPT_NAME": "Acute coronary artery occlusion not resulting in myocardial infarction",
            "DOMAIN_ID": "Condition",
            "STANDARD_CONCEPT_CAPTION": "Standard",
            "CONCEPT_CLASS_ID": "Clinical Finding",
            "INVALID_REASON": "V"
          },
          "includeMapped": false,
          "includeDescendants": true
        },
        {
          "isExcluded": false,
          "concept": {
            "INVALID_REASON_CAPTION": "Valid",
            "CONCEPT_ID": 4108670,
            "STANDARD_CONCEPT": "S",
            "CONCEPT_CODE": "194823009",
            "VOCABULARY_ID": "SNOMED",
            "CONCEPT_NAME": "Acute coronary insufficiency",
            "DOMAIN_ID": "Condition",
            "STANDARD_CONCEPT_CAPTION": "Standard",
            "CONCEPT_CLASS_ID": "Clinical Finding",
            "INVALID_REASON": "V"
          },
          "includeMapped": false,
          "includeDescendants": true
        },
        {
          "isExcluded": false,
          "concept": {
            "INVALID_REASON_CAPTION": "Valid",
            "CONCEPT_ID": 4215140,
            "STANDARD_CONCEPT": "S",
            "CONCEPT_CODE": "394659003",
            "VOCABULARY_ID": "SNOMED",
            "CONCEPT_NAME": "Acute coronary syndrome",
            "DOMAIN_ID": "Condition",
            "STANDARD_CONCEPT_CAPTION": "Standard",
            "CONCEPT_CLASS_ID": "Clinical Finding",
            "INVALID_REASON": "V"
          },
          "includeMapped": false,
          "includeDescendants": true
        },
        {
          "isExcluded": false,
          "concept": {
            "INVALID_REASON_CAPTION": "Valid",
            "CONCEPT_ID": 312327,
            "STANDARD_CONCEPT": "S",
            "CONCEPT_CODE": "57054005",
            "VOCABULARY_ID": "SNOMED",
            "CONCEPT_NAME": "Acute myocardial infarction",
            "DOMAIN_ID": "Condition",
            "STANDARD_CONCEPT_CAPTION": "Standard",
            "CONCEPT_CLASS_ID": "Clinical Finding",
            "INVALID_REASON": "V"
          },
          "includeMapped": false,
          "includeDescendants": true
        },
        {
          "isExcluded": false,
          "concept": {
            "INVALID_REASON_CAPTION": "Valid",
            "CONCEPT_ID": 434376,
            "STANDARD_CONCEPT": "S",
            "CONCEPT_CODE": "54329005",
            "VOCABULARY_ID": "SNOMED",
            "CONCEPT_NAME": "Acute myocardial infarction of anterior wall",
            "DOMAIN_ID": "Condition",
            "STANDARD_CONCEPT_CAPTION": "Standard",
            "CONCEPT_CLASS_ID": "Clinical Finding",
            "INVALID_REASON": "V"
          },
          "includeMapped": false,
          "includeDescendants": true
        },
        {
          "isExcluded": false,
          "concept": {
            "INVALID_REASON_CAPTION": "Valid",
            "CONCEPT_ID": 438170,
            "STANDARD_CONCEPT": "S",
            "CONCEPT_CODE": "73795002",
            "VOCABULARY_ID": "SNOMED",
            "CONCEPT_NAME": "Acute myocardial infarction of inferior wall",
            "DOMAIN_ID": "Condition",
            "STANDARD_CONCEPT_CAPTION": "Standard",
            "CONCEPT_CLASS_ID": "Clinical Finding",
            "INVALID_REASON": "V"
          },
          "includeMapped": false,
          "includeDescendants": true
        },
        {
          "isExcluded": false,
          "concept": {
            "INVALID_REASON_CAPTION": "Valid",
            "CONCEPT_ID": 4270024,
            "STANDARD_CONCEPT": "S",
            "CONCEPT_CODE": "401314000",
            "VOCABULARY_ID": "SNOMED",
            "CONCEPT_NAME": "Acute non-ST segment elevation myocardial infarction",
            "DOMAIN_ID": "Condition",
            "STANDARD_CONCEPT_CAPTION": "Standard",
            "CONCEPT_CLASS_ID": "Clinical Finding",
            "INVALID_REASON": "V"
          },
          "includeMapped": false,
          "includeDescendants": true
        },
        {
          "isExcluded": false,
          "concept": {
            "INVALID_REASON_CAPTION": "Valid",
            "CONCEPT_ID": 438172,
            "STANDARD_CONCEPT": "S",
            "CONCEPT_CODE": "194863005",
            "VOCABULARY_ID": "SNOMED",
            "CONCEPT_NAME": "Atrial septal defect due to and following acute myocardial infarction",
            "DOMAIN_ID": "Condition",
            "STANDARD_CONCEPT_CAPTION": "Standard",
            "CONCEPT_CLASS_ID": "Clinical Finding",
            "INVALID_REASON": "V"
          },
          "includeMapped": false,
          "includeDescendants": true
        },
        {
          "isExcluded": false,
          "concept": {
            "INVALID_REASON_CAPTION": "Valid",
            "CONCEPT_ID": 4124687,
            "STANDARD_CONCEPT": "S",
            "CONCEPT_CODE": "233847009",
            "VOCABULARY_ID": "SNOMED",
            "CONCEPT_NAME": "Cardiac rupture due to and following acute myocardial infarction",
            "DOMAIN_ID": "Condition",
            "STANDARD_CONCEPT_CAPTION": "Standard",
            "CONCEPT_CLASS_ID": "Clinical Finding",
            "INVALID_REASON": "V"
          },
          "includeMapped": false,
          "includeDescendants": true
        },
        {
          "isExcluded": false,
          "concept": {
            "INVALID_REASON_CAPTION": "Valid",
            "CONCEPT_ID": 4108215,
            "STANDARD_CONCEPT": "S",
            "CONCEPT_CODE": "194821006",
            "VOCABULARY_ID": "SNOMED",
            "CONCEPT_NAME": "Coronary thrombosis not resulting in myocardial infarction",
            "DOMAIN_ID": "Condition",
            "STANDARD_CONCEPT_CAPTION": "Standard",
            "CONCEPT_CLASS_ID": "Clinical Finding",
            "INVALID_REASON": "V"
          },
          "includeMapped": false,
          "includeDescendants": true
        },
        {
          "isExcluded": false,
          "concept": {
            "INVALID_REASON_CAPTION": "Valid",
            "CONCEPT_ID": 4108678,
            "STANDARD_CONCEPT": "S",
            "CONCEPT_CODE": "194862000",
            "VOCABULARY_ID": "SNOMED",
            "CONCEPT_NAME": "Hemopericardium due to and following acute myocardial infarction",
            "DOMAIN_ID": "Condition",
            "STANDARD_CONCEPT_CAPTION": "Standard",
            "CONCEPT_CLASS_ID": "Clinical Finding",
            "INVALID_REASON": "V"
          },
          "includeMapped": false,
          "includeDescendants": true
        },
        {
          "isExcluded": false,
          "concept": {
            "INVALID_REASON_CAPTION": "Valid",
            "CONCEPT_ID": 4329847,
            "STANDARD_CONCEPT": "S",
            "CONCEPT_CODE": "22298006",
            "VOCABULARY_ID": "SNOMED",
            "CONCEPT_NAME": "Myocardial infarction",
            "DOMAIN_ID": "Condition",
            "STANDARD_CONCEPT_CAPTION": "Standard",
            "CONCEPT_CLASS_ID": "Clinical Finding",
            "INVALID_REASON": "V"
          },
          "includeMapped": false,
          "includeDescendants": true
        },
        {
          "isExcluded": true,
          "concept": {
            "INVALID_REASON_CAPTION": "Valid",
            "CONCEPT_ID": 314666,
            "STANDARD_CONCEPT": "S",
            "CONCEPT_CODE": "1755008",
            "VOCABULARY_ID": "SNOMED",
            "CONCEPT_NAME": "Old myocardial infarction",
            "DOMAIN_ID": "Condition",
            "STANDARD_CONCEPT_CAPTION": "Standard",
            "CONCEPT_CLASS_ID": "Clinical Finding",
            "INVALID_REASON": "V"
          },
          "includeMapped": false,
          "includeDescendants": true
        },
        {
          "isExcluded": false,
          "concept": {
            "INVALID_REASON_CAPTION": "Valid",
            "CONCEPT_ID": 319038,
            "STANDARD_CONCEPT": "S",
            "CONCEPT_CODE": "66189004",
            "VOCABULARY_ID": "SNOMED",
            "CONCEPT_NAME": "Postmyocardial infarction syndrome",
            "DOMAIN_ID": "Condition",
            "STANDARD_CONCEPT_CAPTION": "Standard",
            "CONCEPT_CLASS_ID": "Clinical Finding",
            "INVALID_REASON": "V"
          },
          "includeMapped": false,
          "includeDescendants": true
        },
        {
          "isExcluded": false,
          "concept": {
            "INVALID_REASON_CAPTION": "Valid",
            "CONCEPT_ID": 4108679,
            "STANDARD_CONCEPT": "S",
            "CONCEPT_CODE": "194865003",
            "VOCABULARY_ID": "SNOMED",
            "CONCEPT_NAME": "Rupture of cardiac wall without hemopericardium as current complication following acute myocardial infarction",
            "DOMAIN_ID": "Condition",
            "STANDARD_CONCEPT_CAPTION": "Standard",
            "CONCEPT_CLASS_ID": "Clinical Finding",
            "INVALID_REASON": "V"
          },
          "includeMapped": false,
          "includeDescendants": true
        },
        {
          "isExcluded": false,
          "concept": {
            "INVALID_REASON_CAPTION": "Valid",
            "CONCEPT_ID": 4108219,
            "STANDARD_CONCEPT": "S",
            "CONCEPT_CODE": "194866002",
            "VOCABULARY_ID": "SNOMED",
            "CONCEPT_NAME": "Rupture of chordae tendinae due to and following acute myocardial infarction",
            "DOMAIN_ID": "Condition",
            "STANDARD_CONCEPT_CAPTION": "Standard",
            "CONCEPT_CLASS_ID": "Clinical Finding",
            "INVALID_REASON": "V"
          },
          "includeMapped": false,
          "includeDescendants": true
        },
        {
          "isExcluded": false,
          "concept": {
            "INVALID_REASON_CAPTION": "Valid",
            "CONCEPT_ID": 4108217,
            "STANDARD_CONCEPT": "S",
            "CONCEPT_CODE": "194856005",
            "VOCABULARY_ID": "SNOMED",
            "CONCEPT_NAME": "Subsequent myocardial infarction",
            "DOMAIN_ID": "Condition",
            "STANDARD_CONCEPT_CAPTION": "Standard",
            "CONCEPT_CLASS_ID": "Clinical Finding",
            "INVALID_REASON": "V"
          },
          "includeMapped": false,
          "includeDescendants": true
        },
        {
          "isExcluded": false,
          "concept": {
            "INVALID_REASON_CAPTION": "Valid",
            "CONCEPT_ID": 4108677,
            "STANDARD_CONCEPT": "S",
            "CONCEPT_CODE": "194857001",
            "VOCABULARY_ID": "SNOMED",
            "CONCEPT_NAME": "Subsequent myocardial infarction of anterior wall",
            "DOMAIN_ID": "Condition",
            "STANDARD_CONCEPT_CAPTION": "Standard",
            "CONCEPT_CLASS_ID": "Clinical Finding",
            "INVALID_REASON": "V"
          },
          "includeMapped": false,
          "includeDescendants": true
        },
        {
          "isExcluded": false,
          "concept": {
            "INVALID_REASON_CAPTION": "Valid",
            "CONCEPT_ID": 4108218,
            "STANDARD_CONCEPT": "S",
            "CONCEPT_CODE": "194858006",
            "VOCABULARY_ID": "SNOMED",
            "CONCEPT_NAME": "Subsequent myocardial infarction of inferior wall",
            "DOMAIN_ID": "Condition",
            "STANDARD_CONCEPT_CAPTION": "Standard",
            "CONCEPT_CLASS_ID": "Clinical Finding",
            "INVALID_REASON": "V"
          },
          "includeMapped": false,
          "includeDescendants": true
        },
        {
          "isExcluded": false,
          "concept": {
            "INVALID_REASON_CAPTION": "Valid",
            "CONCEPT_ID": 4108680,
            "STANDARD_CONCEPT": "S",
            "CONCEPT_CODE": "194868001",
            "VOCABULARY_ID": "SNOMED",
            "CONCEPT_NAME": "Thrombosis of atrium, auricular appendage, and ventricle due to and following acute myocardial infarction",
            "DOMAIN_ID": "Condition",
            "STANDARD_CONCEPT_CAPTION": "Standard",
            "CONCEPT_CLASS_ID": "Clinical Finding",
            "INVALID_REASON": "V"
          },
          "includeMapped": false,
          "includeDescendants": true
        }
      ]},
      "name": "[MKSon]Myocardial infarction",
      "id": 2
    },
    {
      "expression": {"items": [
        {
          "isExcluded": false,
          "concept": {
            "INVALID_REASON_CAPTION": "Valid",
            "CONCEPT_ID": 4231998,
            "STANDARD_CONCEPT": "S",
            "CONCEPT_CODE": "90205004",
            "VOCABULARY_ID": "SNOMED",
            "CONCEPT_NAME": "Cardiac revascularization with bypass anastomosis",
            "DOMAIN_ID": "Procedure",
            "STANDARD_CONCEPT_CAPTION": "Standard",
            "CONCEPT_CLASS_ID": "Procedure",
            "INVALID_REASON": "V"
          },
          "includeMapped": false,
          "includeDescendants": true
        },
        {
          "isExcluded": false,
          "concept": {
            "INVALID_REASON_CAPTION": "Valid",
            "CONCEPT_ID": 4205489,
            "STANDARD_CONCEPT": "S",
            "CONCEPT_CODE": "439397009",
            "VOCABULARY_ID": "SNOMED",
            "CONCEPT_NAME": "Distal revascularization and interval ligation",
            "DOMAIN_ID": "Procedure",
            "STANDARD_CONCEPT_CAPTION": "Standard",
            "CONCEPT_CLASS_ID": "Procedure",
            "INVALID_REASON": "V"
          },
          "includeMapped": false,
          "includeDescendants": true
        },
        {
          "isExcluded": false,
          "concept": {
            "INVALID_REASON_CAPTION": "Valid",
            "CONCEPT_ID": 4212973,
            "STANDARD_CONCEPT": "S",
            "CONCEPT_CODE": "414089002",
            "VOCABULARY_ID": "SNOMED",
            "CONCEPT_NAME": "Emergency percutaneous coronary intervention",
            "DOMAIN_ID": "Procedure",
            "STANDARD_CONCEPT_CAPTION": "Standard",
            "CONCEPT_CLASS_ID": "Procedure",
            "INVALID_REASON": "V"
          },
          "includeMapped": false,
          "includeDescendants": true
        },
        {
          "isExcluded": false,
          "concept": {
            "INVALID_REASON_CAPTION": "Valid",
            "CONCEPT_ID": 44811692,
            "STANDARD_CONCEPT": "S",
            "CONCEPT_CODE": "914231000000100",
            "VOCABULARY_ID": "SNOMED",
            "CONCEPT_NAME": "Fluoroscopy guided primary percutaneous coronary intervention",
            "DOMAIN_ID": "Procedure",
            "STANDARD_CONCEPT_CAPTION": "Standard",
            "CONCEPT_CLASS_ID": "Procedure",
            "INVALID_REASON": "V"
          },
          "includeMapped": false,
          "includeDescendants": true
        },
        {
          "isExcluded": false,
          "concept": {
            "INVALID_REASON_CAPTION": "Valid",
            "CONCEPT_ID": 4101919,
            "STANDARD_CONCEPT": "S",
            "CONCEPT_CODE": "25263003",
            "VOCABULARY_ID": "SNOMED",
            "CONCEPT_NAME": "Grafting of heart for revascularization",
            "DOMAIN_ID": "Procedure",
            "STANDARD_CONCEPT_CAPTION": "Standard",
            "CONCEPT_CLASS_ID": "Procedure",
            "INVALID_REASON": "V"
          },
          "includeMapped": false,
          "includeDescendants": true
        },
        {
          "isExcluded": false,
          "concept": {
            "INVALID_REASON_CAPTION": "Valid",
            "CONCEPT_ID": 4217445,
            "STANDARD_CONCEPT": "S",
            "CONCEPT_CODE": "81266008",
            "VOCABULARY_ID": "SNOMED",
            "CONCEPT_NAME": "Heart revascularization",
            "DOMAIN_ID": "Procedure",
            "STANDARD_CONCEPT_CAPTION": "Standard",
            "CONCEPT_CLASS_ID": "Procedure",
            "INVALID_REASON": "V"
          },
          "includeMapped": false,
          "includeDescendants": true
        },
        {
          "isExcluded": false,
          "concept": {
            "INVALID_REASON_CAPTION": "Valid",
            "CONCEPT_ID": 4115325,
            "STANDARD_CONCEPT": "S",
            "CONCEPT_CODE": "287277008",
            "VOCABULARY_ID": "SNOMED",
            "CONCEPT_NAME": "Indirect heart revascularization",
            "DOMAIN_ID": "Procedure",
            "STANDARD_CONCEPT_CAPTION": "Standard",
            "CONCEPT_CLASS_ID": "Procedure",
            "INVALID_REASON": "V"
          },
          "includeMapped": false,
          "includeDescendants": true
        },
        {
          "isExcluded": false,
          "concept": {
            "INVALID_REASON_CAPTION": "Valid",
            "CONCEPT_ID": 4328103,
            "STANDARD_CONCEPT": "S",
            "CONCEPT_CODE": "75761004",
            "VOCABULARY_ID": "SNOMED",
            "CONCEPT_NAME": "Infusion of intra-arterial thrombolytic agent with percutaneous transluminal coronary angioplasty",
            "DOMAIN_ID": "Procedure",
            "STANDARD_CONCEPT_CAPTION": "Standard",
            "CONCEPT_CLASS_ID": "Procedure",
            "INVALID_REASON": "V"
          },
          "includeMapped": false,
          "includeDescendants": true
        },
        {
          "isExcluded": false,
          "concept": {
            "INVALID_REASON_CAPTION": "Valid",
            "CONCEPT_ID": 4216356,
            "STANDARD_CONCEPT": "S",
            "CONCEPT_CODE": "80762004",
            "VOCABULARY_ID": "SNOMED",
            "CONCEPT_NAME": "Infusion of intra-arterial thrombolytic agent with percutaneous transluminal coronary angioplasty, multiple vessels",
            "DOMAIN_ID": "Procedure",
            "STANDARD_CONCEPT_CAPTION": "Standard",
            "CONCEPT_CLASS_ID": "Procedure",
            "INVALID_REASON": "V"
          },
          "includeMapped": false,
          "includeDescendants": true
        },
        {
          "isExcluded": false,
          "concept": {
            "INVALID_REASON_CAPTION": "Valid",
            "CONCEPT_ID": 4238755,
            "STANDARD_CONCEPT": "S",
            "CONCEPT_CODE": "91338001",
            "VOCABULARY_ID": "SNOMED",
            "CONCEPT_NAME": "Infusion of intra-arterial thrombolytic agent with percutaneous transluminal coronary angioplasty, single vessel",
            "DOMAIN_ID": "Procedure",
            "STANDARD_CONCEPT_CAPTION": "Standard",
            "CONCEPT_CLASS_ID": "Procedure",
            "INVALID_REASON": "V"
          },
          "includeMapped": false,
          "includeDescendants": true
        },
        {
          "isExcluded": false,
          "concept": {
            "INVALID_REASON_CAPTION": "Valid",
            "CONCEPT_ID": 4298488,
            "STANDARD_CONCEPT": "S",
            "CONCEPT_CODE": "384694007",
            "VOCABULARY_ID": "SNOMED",
            "CONCEPT_NAME": "Injection of thrombolytic agent direct into coronary artery",
            "DOMAIN_ID": "Procedure",
            "STANDARD_CONCEPT_CAPTION": "Standard",
            "CONCEPT_CLASS_ID": "Procedure",
            "INVALID_REASON": "V"
          },
          "includeMapped": false,
          "includeDescendants": true
        },
        {
          "isExcluded": false,
          "concept": {
            "INVALID_REASON_CAPTION": "Valid",
            "CONCEPT_ID": 4239512,
            "STANDARD_CONCEPT": "S",
            "CONCEPT_CODE": "69245005",
            "VOCABULARY_ID": "SNOMED",
            "CONCEPT_NAME": "Intra-arterial infusion of thrombolytic agent",
            "DOMAIN_ID": "Procedure",
            "STANDARD_CONCEPT_CAPTION": "Standard",
            "CONCEPT_CLASS_ID": "Procedure",
            "INVALID_REASON": "V"
          },
          "includeMapped": false,
          "includeDescendants": true
        },
        {
          "isExcluded": false,
          "concept": {
            "INVALID_REASON_CAPTION": "Valid",
            "CONCEPT_ID": 4170285,
            "STANDARD_CONCEPT": "S",
            "CONCEPT_CODE": "275227003",
            "VOCABULARY_ID": "SNOMED",
            "CONCEPT_NAME": "Myocardial revascularization",
            "DOMAIN_ID": "Procedure",
            "STANDARD_CONCEPT_CAPTION": "Standard",
            "CONCEPT_CLASS_ID": "Procedure",
            "INVALID_REASON": "V"
          },
          "includeMapped": false,
          "includeDescendants": true
        },
        {
          "isExcluded": false,
          "concept": {
            "INVALID_REASON_CAPTION": "Valid",
            "CONCEPT_ID": 4216130,
            "STANDARD_CONCEPT": "S",
            "CONCEPT_CODE": "415070008",
            "VOCABULARY_ID": "SNOMED",
            "CONCEPT_NAME": "Percutaneous coronary intervention",
            "DOMAIN_ID": "Procedure",
            "STANDARD_CONCEPT_CAPTION": "Standard",
            "CONCEPT_CLASS_ID": "Procedure",
            "INVALID_REASON": "V"
          },
          "includeMapped": false,
          "includeDescendants": true
        },
        {
          "isExcluded": false,
          "concept": {
            "INVALID_REASON_CAPTION": "Valid",
            "CONCEPT_ID": 37017357,
            "STANDARD_CONCEPT": "S",
            "CONCEPT_CODE": "713617008",
            "VOCABULARY_ID": "SNOMED",
            "CONCEPT_NAME": "Percutaneous transluminal revascularization of chronic total occlusion of coronary artery using fluoroscopic guidance",
            "DOMAIN_ID": "Procedure",
            "STANDARD_CONCEPT_CAPTION": "Standard",
            "CONCEPT_CLASS_ID": "Procedure",
            "INVALID_REASON": "V"
          },
          "includeMapped": false,
          "includeDescendants": true
        },
        {
          "isExcluded": false,
          "concept": {
            "INVALID_REASON_CAPTION": "Valid",
            "CONCEPT_ID": 4034857,
            "STANDARD_CONCEPT": "S",
            "CONCEPT_CODE": "15256002",
            "VOCABULARY_ID": "SNOMED",
            "CONCEPT_NAME": "Transmyocardial revascularization by laser technique",
            "DOMAIN_ID": "Procedure",
            "STANDARD_CONCEPT_CAPTION": "Standard",
            "CONCEPT_CLASS_ID": "Procedure",
            "INVALID_REASON": "V"
          },
          "includeMapped": false,
          "includeDescendants": true
        }
      ]},
      "name": "[MKSon]revascularization",
      "id": 3
    }
  ],
  "EndStrategy": {"DateOffset": {
    "DateField": "StartDate",
    "Offset": 14
  }},
  "cdmVersionRange": ">=5.0.0",
  "CensoringCriteria": [],
  "Title": null,
  "AdditionalCriteria": null,
  "QualifiedLimit": {"Type": "First"},
  "InclusionRules": [],
  "PrimaryCriteria": {
    "CriteriaList": [{"ConditionEra": {
      "EraStartDate": null,
      "CorrelatedCriteria": null,
      "OccurrenceCount": null,
      "AgeAtStart": null,
      "CodesetId": 2,
      "AgeAtEnd": null,
      "First": null,
      "Gender": null,
      "EraLength": null,
      "EraEndDate": null
    }}],
    "PrimaryCriteriaLimit": {"Type": "All"},
    "ObservationWindow": {
      "PostDays": 0,
      "PriorDays": 0
    }
  }
}